question,answer,accuracy,relevance,conciseness,helpfulness,overall,reasoning
Tên người nộp thuế và mã số thuế trong tờ khai thuế GTGT Mẫu số 01/GTGT là gì?,Tên người nộp thuế là CÔNG TY CỔ PHẦN DHA SURFACES và mã số thuế là 0106769437.,5,5,4,5,4.75,Grounded answer with minor risk from retrieval coverage on longer questions.
Thuế giá trị gia tăng phải nộp của hoạt động sản xuất kinh doanh trong kỳ 4 năm 2024 là bao nhiêu?,Thuế giá trị gia tăng phải nộp của hoạt động sản xuất kinh doanh trong kỳ là 52.133.830 đồng.,5,5,4,5,4.75,Grounded answer with minor risk from retrieval coverage on longer questions.
Nghị định 13/2023/NĐ-CP áp dụng đối với những đối tượng nào?,"Nghị định áp dụng đối với: Cơ quan, tổ chức, cá nhân Việt Nam; Cơ quan, tổ chức, cá nhân nước ngoài tại Việt Nam; Cơ quan, tổ chức, cá nhân Việt Nam hoạt động tại nước ngoài; Cơ quan, tổ chức, cá nhân nước ngoài trực tiếp tham gia hoặc có liên quan đến hoạt động xử lý dữ liệu cá nhân tại Việt Nam.",5,4,4,5,4.5,Grounded answer with minor risk from retrieval coverage on longer questions.
"Theo Nghị định bảo vệ dữ liệu cá nhân, dữ liệu cá nhân cơ bản bao gồm những gì liên quan đến giấy tờ tùy thân?","Dữ liệu cá nhân cơ bản liên quan đến giấy tờ tùy thân bao gồm số chứng minh nhân dân, số định danh cá nhân, số hộ chiếu, số giấy phép lái xe, số mã số thuế cá nhân, số bảo hiểm xã hội, số thẻ bảo hiểm y tế.",5,5,4,5,4.75,Grounded answer with minor risk from retrieval coverage on longer questions.
Kỳ tính thuế của Tờ khai thuế giá trị gia tăng Mẫu số 01/GTGT của công ty DHA Surfaces là khi nào?,Quý 4 năm 2024.,5,4,4,5,4.5,Grounded answer with minor risk from retrieval coverage on longer questions.
"Hàng hóa, dịch vụ mua vào chịu thuế suất 10% có giá trị chưa thuế là bao nhiêu?","Giá trị hàng hóa, dịch vụ mua vào chịu thuế suất 10% (chưa có thuế GTGT) là 2.405.743.241 đồng.",5,5,4,5,4.75,Grounded answer with minor risk from retrieval coverage on longer questions.
"Tổng doanh thu và thuế giá trị gia tăng của hàng hóa, dịch vụ bán ra trong kỳ tính thuế là bao nhiêu?","Tổng giá trị hàng hóa, dịch vụ bán ra (chưa thuế) là 3.703.688.610 đồng và tổng thuế giá trị gia tăng của hàng hóa, dịch vụ bán ra là 345.675.440 đồng.",5,5,4,5,4.75,Grounded answer with minor risk from retrieval coverage on longer questions.
Số tiền Thuế giá trị gia tăng còn được khấu trừ kỳ trước chuyển sang là bao nhiêu?,Thuế giá trị gia tăng còn được khấu trừ kỳ trước chuyển sang là 77.377.803 đồng.,5,5,4,5,4.75,Grounded answer with minor risk from retrieval coverage on longer questions.
Thuế giá trị gia tăng phát sinh trong kỳ của công ty DHA Surfaces được tính ra bao nhiêu và dựa trên công thức nào?,"Thuế GTGT phát sinh trong kỳ là 129.511.633 đồng, được tính dựa trên công thức: Chỉ tiêu [35] trừ đi chỉ tiêu [25] ([36]=[35]-[25]).",5,5,4,5,4.75,Grounded answer with minor risk from retrieval coverage on longer questions.
Ai là người đại diện ký tờ khai thuế giá trị gia tăng này và ngày ký là ngày nào?,"Người ký là TRỊNH THỊ SANG, ký ngày 24 tháng 01 năm 2025.",5,4,4,5,4.5,Grounded answer with minor risk from retrieval coverage on longer questions.
Nghị định bảo vệ dữ liệu cá nhân số 13/2023/NĐ-CP được ban hành vào ngày tháng năm nào?,Ngày 17 tháng 4 năm 2023.,5,4,4,5,4.5,Grounded answer with minor risk from retrieval coverage on longer questions.
Dữ liệu cá nhân được phân làm mấy loại chính theo quy định tại Nghị định 13?,Dữ liệu cá nhân bao gồm 2 loại chính: dữ liệu cá nhân cơ bản và dữ liệu cá nhân nhạy cảm.,5,4,4,5,4.5,Grounded answer with minor risk from retrieval coverage on longer questions.
Thông tin về nhóm máu có được coi là dữ liệu cá nhân nhạy cảm theo Nghị định 13 không?,"Không, tình trạng sức khỏe được ghi trong hồ sơ bệnh án là dữ liệu nhạy cảm, nhưng không bao gồm thông tin về nhóm máu.",5,5,4,5,4.75,Grounded answer with minor risk from retrieval coverage on longer questions.
Bên Xử lý dữ liệu cá nhân được định nghĩa như thế nào trong Nghị định 13?,"Bên Xử lý dữ liệu cá nhân là tổ chức, cá nhân thực hiện việc xử lý dữ liệu thay mặt cho Bên Kiểm soát dữ liệu, thông qua một hợp đồng hoặc thỏa thuận với Bên Kiểm soát dữ liệu.",5,4,4,5,4.5,Grounded answer with minor risk from retrieval coverage on longer questions.
Thế nào là Xử lý dữ liệu cá nhân tự động?,"Là hình thức xử lý dữ liệu cá nhân được thực hiện bằng phương tiện điện tử nhằm đánh giá, phân tích, dự đoán hoạt động của một người cụ thể, như: thói quen, sở thích, mức độ tin cậy, hành vi, địa điểm, xu hướng, năng lực.",5,4,4,5,4.5,Grounded answer with minor risk from retrieval coverage on longer questions.
"Theo Nghị định 13, khi nào thì hoạt động xử lý dữ liệu được coi là chuyển dữ liệu cá nhân ra nước ngoài?","Khi tổ chức, cá nhân chuyển dữ liệu của công dân Việt Nam cho tổ chức, bộ phận quản lý ở nước ngoài, hoặc xử lý dữ liệu của công dân Việt Nam bằng các hệ thống tự động nằm ngoài lãnh thổ Việt Nam.",5,5,4,5,4.75,Grounded answer with minor risk from retrieval coverage on longer questions.
Hãy liệt kê các hành vi bị nghiêm cấm trong hoạt động bảo vệ dữ liệu cá nhân theo Điều 8.,"1. Xử lý trái pháp luật. 2. Tạo thông tin chống phá Nhà nước. 3. Gây ảnh hưởng an ninh quốc gia, trật tự an toàn xã hội, quyền lợi tổ chức, cá nhân. 4. Cản trở cơ quan có thẩm quyền. 5. Lợi dụng bảo vệ dữ liệu để vi phạm pháp luật.",5,4,4,5,4.5,Grounded answer with minor risk from retrieval coverage on longer questions.
Nội dung quản lý nhà nước về bảo vệ dữ liệu cá nhân do cơ quan nào thống nhất quản lý và bao gồm những việc chính nào?,"Chính phủ thống nhất quản lý. Nội dung bao gồm: ban hành văn bản quy phạm pháp luật, xây dựng chiến lược, hướng dẫn, tuyên truyền giáo dục, đào tạo cán bộ, thanh tra kiểm tra, thống kê báo cáo và hợp tác quốc tế.",5,4,4,5,4.5,Grounded answer with minor risk from retrieval coverage on longer questions.
Thông tin khách hàng của các tổ chức tín dụng có thuộc nhóm dữ liệu cá nhân nhạy cảm không? Bao gồm những thông tin gì?,"Có thuộc nhóm dữ liệu nhạy cảm. Bao gồm: thông tin định danh khách hàng, thông tin tài khoản, tiền gửi, tài sản gửi, giao dịch và thông tin bên bảo đảm.",5,5,4,5,4.75,Grounded answer with minor risk from retrieval coverage on longer questions.
Việc mua bán dữ liệu cá nhân có được pháp luật cho phép không?,"Dữ liệu cá nhân không được mua, bán dưới mọi hình thức, trừ trường hợp luật có quy định khác.",5,5,4,5,4.75,Grounded answer with minor risk from retrieval coverage on longer questions.
"Là kế toán viên đang rà soát tờ khai thuế GTGT mẫu 01/GTGT cho quý 4 năm 2024 của Công ty Cổ phần DHA Surfaces, tôi cần xác minh các số liệu chính. Vui lòng cho biết cụ thể, với đơn vị tiền là đồng Việt Nam, số thuế GTGT còn được khấu trừ từ kỳ trước chuyển sang, cũng như giá trị hàng hóa, dịch vụ mua vào chưa có thuế và số thuế GTGT tương ứng cho các mặt hàng chịu thuế suất 10% là bao nhiêu?","Theo thông tin trên tờ khai thuế, đơn vị tiền tệ là đồng Việt Nam. Các số liệu cho kỳ tính thuế Quý 4 năm 2024 như sau: Chỉ tiêu ""Thuế giá trị gia tăng còn được khấu trừ kỳ trước chuyển sang"" có giá trị là 77.377.803. Đối với chỉ tiêu ""Hàng hóa, dịch vụ mua vào chịu thuế suất 10%"", giá trị hàng hóa, dịch vụ (chưa có thuế giá trị gia tăng) là 2.405.743.241 và số thuế giá trị gia tăng tương ứng là 245.163.767.",5,5,3,4,4.25,Grounded answer with minor risk from retrieval coverage on longer questions.
tổng doanh thu và thuế giá trị gia tăng là nhiêu?,"Theo ngữ cảnh, tại mục ""Tổng doanh thu và thuế giá trị gia tăng của hàng hóa, dịch vụ bán ra"", tổng doanh thu là 3.703.688.610 và thuế giá trị gia tăng là 345.675.440.",5,5,4,4,4.5,Grounded answer with minor risk from retrieval coverage on longer questions.
cái bà TRỊNH THỊ SANG là ai mà ký vô đây,"Theo văn bản, TRỊNH THỊ SANG là NGƯỜI NỘP THUẾ hoặc ĐẠI DIỆN HỢP PHÁP CỦA NGƯỜI NỘP THUẾ, đã ký tên vào ngày 24 tháng 01 năm 2025.",5,4,4,4,4.25,Grounded answer with minor risk from retrieval coverage on longer questions.
Nghị định 13/2023/NĐ-CP về bảo vệ dữ liệu cá nhân có căn cứ vào Bộ luật Dân sự nào?,"Theo văn bản, Nghị định 13/2023/NĐ-CP về bảo vệ dữ liệu cá nhân được ban hành căn cứ vào Bộ luật Dân sự ngày 24 tháng 11 năm 2015.",5,5,4,4,4.5,Grounded answer with minor risk from retrieval coverage on longer questions.
Tôi đang xem xét lại các thông tin của công ty và có thắc mắc là liệu dữ liẹu cá nhan mà phan ánh hoạt động hay lịch sử hoạt động trên không gian mạng thì có được xếp vào loại dữ liệu cá nhân theo quy định hay không?,"Dữ liệu cá nhân phản ánh hoạt động, lịch sử hoạt động trên không gian mạng là một loại dữ liệu cá nhân.",5,5,4,4,4.5,Grounded answer with minor risk from retrieval coverage on longer questions.
"cho tôi hỏi, cái hoạt động mà chuyển dữ liệu cá nhân của công dân Việt Nam tới một địa điểm ở ngoài lãnh thổ của nước Cộng hòa xã hội chủ nghĩa Việt Nam thì cái định nghĩa nó nói là sao vậy?","Theo ngữ cảnh được cung cấp, chuyển dữ liệu cá nhân ra nước ngoài là hoạt động sử dụng không gian mạng, thiết bị, phương tiện điện tử hoặc các hình thức khác để chuyển dữ liệu cá nhân của công dân Việt Nam tới một địa điểm ngoài lãnh thổ của nước Cộng hòa xã hội chủ nghĩa Việt Nam, hoặc sử dụng một địa điểm nằm ngoài lãnh thổ của nước Cộng hòa xã hội chủ nghĩa Việt Nam để xử lý dữ liệu cá nhân của công dân Việt Nam.",5,5,3,4,4.25,Grounded answer with minor risk from retrieval coverage on longer questions.
bên xử lí dữ lệu cá nhân phải tuân thủ nguyên tắc nào?,"Theo ngữ cảnh được cung cấp, một trong các nguyên tắc bảo vệ dữ liệu cá nhân là dữ liệu cá nhân chỉ được xử lý đúng với mục đích đã được Bên Xử lý dữ liệu cá nhân đăng ký, tuyên bố về xử lý dữ liệu cá nhân. Dữ liệu thu thập phải phù hợp và giới hạn trong phạm vi, mục đích cần xử lý và chỉ được lưu trữ trong khoảng thời gian phù hợp với mục đích đó.",5,4,3,4,4.0,Grounded answer with minor risk from retrieval coverage on longer questions.
thanh tra pháp luật bảo vệ dữ liệu cá nhân,"Theo quy định của pháp luật, việc thanh tra và kiểm tra việc thực hiện các quy định về bảo vệ dữ liệu cá nhân, cùng với việc giải quyết khiếu nại, tố cáo và xử lý các hành vi vi phạm pháp luật trong lĩnh vực này, sẽ được thực hiện theo quy định.",5,4,4,4,4.25,Grounded answer with minor risk from retrieval coverage on longer questions.
"Là một Cán bộ Bảo vệ Dữ liệu, tôi cần đảm bảo công ty tuân thủ tuyệt đối các quy định của pháp luật Việt Nam. Dựa trên văn bản pháp lý được cung cấp, hành vi xử lý dữ liệu cá nhân nào được định nghĩa là bị nghiêm cấm khi có mục đích tạo ra thông tin hoặc dữ liệu nhằm chống lại Nhà nước Cộng hòa xã hội chủ nghĩa Việt Nam?","Theo Điều 8 về các hành vi bị nghiêm cấm được nêu trong văn bản, hành vi bị cấm trong trường hợp này là: ""Xử lý dữ liệu cá nhân để tạo ra thông tin, dữ liệu nhằm chống lại Nhà nước Cộng hòa xã hội chủ nghĩa Việt Nam.""",4,5,4,4,4.25,Grounded answer with minor risk from retrieval coverage on longer questions.
Quyền tự bảo vệ của chủ thể dữ liệu theo Điều 11 Bộ luật Dân sự là gì?,"Theo quy định, chủ thể dữ liệu có quyền tự bảo vệ hoặc yêu cầu cơ quan, tổ chức có thẩm quyền thực hiện các phương thức bảo vệ quyền dân sự theo quy định tại Điều 11 Bộ luật Dân sự.",4,5,4,4,4.25,Grounded answer with minor risk from retrieval coverage on longer questions.
